﻿ID,生存死亡ダミー,チケットクラス,性別,年齢,兄弟同乗人数,親子同乗人数,乗船料金,乗船港
3,1,1,女性,35,1,0,53.1,Southampton
4,0,3,男性,35,0,0,8.05,Southampton
7,0,3,男性,2,3,1,21.075,Southampton
9,1,2,女性,14,1,0,30.0708,Cherbourg
11,1,1,女性,58,0,0,26.55,Southampton
13,0,3,男性,39,1,5,31.275,Southampton
16,0,3,男性,2,4,1,29.125,Queenstown
19,1,3,女性,,0,0,7.225,Cherbourg
23,1,1,男性,28,0,0,35.5,Southampton
24,0,3,女性,8,3,1,21.075,Southampton
25,1,3,女性,38,1,5,31.3875,Southampton
26,0,3,男性,,0,0,7.225,Cherbourg
28,1,3,女性,,0,0,7.8792,Queenstown
29,0,3,男性,,0,0,7.8958,Southampton
32,1,3,女性,,0,0,7.75,Queenstown
33,0,2,男性,66,0,0,10.5,Southampton
36,1,3,男性,,0,0,7.2292,Cherbourg
41,0,2,女性,27,1,0,21,Southampton
42,0,3,男性,,0,0,7.8958,Cherbourg
43,1,2,女性,3,1,2,41.5792,Cherbourg
44,1,3,女性,19,0,0,7.8792,Queenstown
47,1,3,女性,,0,0,7.75,Queenstown
53,1,2,女性,29,1,0,26,Southampton
56,1,2,女性,21,0,0,10.5,Southampton
57,0,3,男性,28.5,0,0,7.2292,Cherbourg
58,1,2,女性,5,1,2,27.75,Southampton
59,0,3,男性,11,5,2,46.9,Southampton
61,1,1,女性,38,0,0,80,0
63,0,3,男性,4,3,2,27.9,Southampton
67,0,3,男性,19,0,0,8.1583,Southampton
69,0,3,男性,26,2,0,8.6625,Southampton
70,0,2,男性,32,0,0,10.5,Southampton
72,0,2,男性,21,0,0,73.5,Southampton
73,0,3,男性,26,1,0,14.4542,Cherbourg
80,0,3,男性,22,0,0,9,Southampton
82,1,3,女性,,0,0,7.7875,Queenstown
83,0,1,男性,28,0,0,47.1,Southampton
84,1,2,女性,17,0,0,10.5,Southampton
86,0,3,男性,16,1,3,34.375,Southampton
87,0,3,男性,,0,0,8.05,Southampton
88,1,1,女性,23,3,2,263,Southampton
91,0,3,男性,20,0,0,7.8542,Southampton
93,0,3,男性,26,1,2,20.575,Southampton
94,0,3,男性,59,0,0,7.25,Southampton
95,0,3,男性,,0,0,8.05,Southampton
98,1,2,女性,34,0,1,23,Southampton
99,0,2,男性,34,1,0,26,Southampton
106,1,3,女性,21,0,0,7.65,Southampton
110,0,1,男性,47,0,0,52,Southampton
111,0,3,女性,14.5,1,0,14.4542,Cherbourg
112,0,3,男性,22,0,0,8.05,Southampton
114,0,3,女性,17,0,0,14.4583,Cherbourg
115,0,3,男性,21,0,0,7.925,Southampton
117,0,2,男性,29,1,0,21,Southampton
119,0,3,女性,2,4,2,31.275,Southampton
120,0,2,男性,21,2,0,73.5,Southampton
121,0,3,男性,,0,0,8.05,Southampton
123,1,2,女性,32.5,0,0,13,Southampton
125,1,3,男性,12,1,0,11.2417,Cherbourg
126,0,3,男性,,0,0,7.75,Queenstown
128,1,3,女性,,1,1,22.3583,Cherbourg
129,0,3,男性,45,0,0,6.975,Southampton
130,0,3,男性,33,0,0,7.8958,Cherbourg
131,0,3,男性,20,0,0,7.05,Southampton
134,0,2,男性,25,0,0,13,Southampton
135,0,2,男性,23,0,0,15.0458,Cherbourg
136,1,1,女性,19,0,2,26.2833,Southampton
137,0,1,男性,37,1,0,53.1,Southampton
138,0,3,男性,16,0,0,9.2167,Southampton
139,0,1,男性,24,0,0,79.2,Cherbourg
143,0,3,男性,19,0,0,6.75,Queenstown
146,1,3,男性,27,0,0,7.7958,Southampton
147,0,3,女性,9,2,2,34.375,Southampton
148,0,2,男性,36.5,0,2,26,Southampton
149,0,2,男性,42,0,0,13,Southampton
151,1,1,女性,22,1,0,66.6,Southampton
152,0,3,男性,55.5,0,0,8.05,Southampton
153,0,3,男性,40.5,0,2,14.5,Southampton
160,0,3,男性,44,0,1,16.1,Southampton
163,0,3,男性,17,0,0,8.6625,Southampton
164,0,3,男性,1,4,1,39.6875,Southampton
166,1,1,女性,,0,1,55,Southampton
168,0,1,男性,,0,0,25.925,Southampton
169,0,3,男性,28,0,0,56.4958,Southampton
174,0,1,男性,56,0,0,30.6958,Cherbourg
176,0,3,男性,,3,1,25.4667,Southampton
177,0,1,女性,50,0,0,28.7125,Cherbourg
180,0,3,女性,,8,2,69.55,Southampton
182,0,3,男性,9,4,2,31.3875,Southampton
183,1,2,男性,1,2,1,39,Southampton
184,1,3,女性,4,0,2,22.025,Southampton
186,1,3,女性,,1,0,15.5,Queenstown
189,0,3,男性,36,0,0,7.8958,Southampton
191,0,2,男性,19,0,0,13,Southampton
192,1,3,女性,19,1,0,7.8542,Southampton
195,1,1,女性,58,0,0,146.5208,Cherbourg
197,0,3,男性,42,0,1,8.4042,Southampton
199,0,2,女性,24,0,0,13,Southampton
201,0,3,男性,,8,2,69.55,Southampton
203,0,3,男性,45.5,0,0,7.225,Cherbourg
207,1,3,男性,26,0,0,18.7875,Cherbourg
209,1,1,男性,40,0,0,31,Cherbourg
212,0,3,男性,22,0,0,7.25,Southampton
213,0,2,男性,30,0,0,13,Southampton
216,1,3,女性,27,0,0,7.925,Southampton
217,0,2,男性,42,1,0,27,Southampton
219,0,2,男性,30,0,0,10.5,Southampton
221,0,2,男性,27,0,0,13,Southampton
224,1,1,男性,38,1,0,90,Southampton
225,0,3,男性,22,0,0,9.35,Southampton
226,1,2,男性,19,0,0,10.5,Southampton
227,0,3,男性,20.5,0,0,7.25,Southampton
228,0,2,男性,18,0,0,13,Southampton
232,0,2,男性,59,0,0,13.5,Southampton
234,0,2,男性,24,0,0,10.5,Southampton
237,1,2,女性,8,0,2,26.25,Southampton
244,0,3,男性,30,0,0,7.225,Cherbourg
246,0,3,女性,25,0,0,7.775,Southampton
248,1,1,男性,37,1,1,52.5542,Southampton
254,0,3,女性,41,0,2,20.2125,Southampton
256,1,1,女性,,0,0,79.2,Cherbourg
257,1,1,女性,30,0,0,86.5,Southampton
259,1,2,女性,50,0,1,26,Southampton
260,0,3,男性,,0,0,7.75,Queenstown
265,0,2,男性,36,0,0,10.5,Southampton
269,1,1,女性,35,0,0,135.6333,Southampton
273,0,1,男性,37,0,1,29.7,Cherbourg
274,1,3,女性,,0,0,7.75,Queenstown
275,1,1,女性,63,1,0,77.9583,Southampton
276,0,3,女性,45,0,0,7.75,Southampton
277,0,2,男性,,0,0,0,Southampton
280,0,3,男性,65,0,0,7.75,Queenstown
281,0,3,男性,28,0,0,7.8542,Southampton
282,0,3,男性,16,0,0,9.5,Southampton
284,0,1,男性,,0,0,26,Southampton
286,1,3,男性,30,0,0,9.5,Southampton
287,0,3,男性,22,0,0,7.8958,Southampton
288,1,2,男性,42,0,0,13,Southampton
289,1,3,女性,22,0,0,7.75,Queenstown
290,1,1,女性,26,0,0,78.85,Southampton
291,1,1,女性,19,1,0,91.0792,Cherbourg
292,0,2,男性,36,0,0,12.875,Cherbourg
295,0,1,男性,,0,0,27.7208,Cherbourg
296,0,3,男性,23.5,0,0,7.2292,Cherbourg
297,0,1,女性,2,1,2,151.55,Southampton
300,1,3,女性,,0,0,7.75,Queenstown
305,1,1,男性,0.92,1,2,151.55,Southampton
307,1,1,女性,17,1,0,108.9,Cherbourg
314,0,2,男性,43,1,1,26.25,Southampton
321,0,3,男性,27,0,0,7.8958,Southampton
322,1,2,女性,30,0,0,12.35,Queenstown
323,1,2,女性,22,1,1,29,Southampton
324,0,3,男性,,8,2,69.55,Southampton
325,1,1,女性,36,0,0,135.6333,Cherbourg
326,0,3,男性,61,0,0,6.2375,Southampton
328,1,3,女性,31,1,1,20.525,Southampton
329,1,1,女性,16,0,1,57.9792,Cherbourg
330,1,3,女性,,2,0,23.25,Queenstown
332,0,1,男性,38,0,1,153.4625,Southampton
335,0,3,男性,,0,0,7.8958,Southampton
336,0,1,男性,29,1,0,66.6,Southampton
339,0,1,男性,45,0,0,35.5,Southampton
340,1,2,男性,2,1,1,26,Southampton
341,1,1,女性,24,3,2,263,Southampton
343,0,2,男性,25,0,0,13,Southampton
347,1,3,女性,,1,0,16.1,Southampton
348,1,3,男性,3,1,1,15.9,Southampton
349,0,3,男性,42,0,0,8.6625,Southampton
353,0,3,男性,25,1,0,17.8,Southampton
355,0,3,男性,28,0,0,9.5,Southampton
357,0,2,女性,38,0,0,13,Southampton
359,1,3,女性,,0,0,7.8792,Queenstown
360,0,3,男性,40,1,4,27.9,Southampton
365,0,3,男性,30,0,0,7.25,Southampton
368,1,3,女性,,0,0,7.75,Queenstown
369,1,1,女性,24,0,0,69.3,Cherbourg
370,1,1,男性,25,1,0,55.4417,Cherbourg
371,0,3,男性,18,1,0,6.4958,Southampton
373,0,1,男性,22,0,0,135.6333,Cherbourg
376,1,3,女性,22,0,0,7.25,Southampton
377,0,1,男性,27,0,2,211.5,Cherbourg
381,1,3,女性,1,0,2,15.7417,Cherbourg
383,1,1,女性,35,1,0,52,Southampton
385,0,2,男性,18,0,0,73.5,Southampton
387,1,2,女性,36,0,0,13,Southampton
388,0,3,男性,,0,0,7.7292,Queenstown
393,1,1,女性,23,1,0,113.275,Cherbourg
394,1,3,女性,24,0,2,16.7,Southampton
396,0,3,女性,31,0,0,7.8542,Southampton
398,0,2,男性,23,0,0,10.5,Southampton
400,1,3,男性,39,0,0,7.925,Southampton
404,0,3,女性,20,0,0,8.6625,Southampton
405,0,2,男性,34,1,0,21,Southampton
407,1,2,男性,3,1,1,18.75,Southampton
410,0,3,男性,,0,0,7.8958,Southampton
411,0,3,男性,,0,0,6.8583,Queenstown
414,1,3,男性,44,0,0,7.925,Southampton
415,0,3,女性,,0,0,8.05,Southampton
417,1,2,女性,18,0,2,13,Southampton
419,0,3,女性,10,0,2,24.15,Southampton
421,0,3,男性,21,0,0,7.7333,Queenstown
423,0,3,女性,28,1,1,14.4,Southampton
426,1,2,女性,28,1,0,26,Southampton
427,1,2,女性,19,0,0,26,Southampton
429,1,3,男性,32,0,0,8.05,Southampton
430,1,1,男性,28,0,0,26.55,Southampton
431,1,3,女性,,1,0,16.1,Southampton
433,0,3,男性,17,0,0,7.125,Southampton
435,1,1,女性,14,1,2,120,Southampton
437,1,2,女性,24,2,3,18.75,Southampton
438,0,1,男性,64,1,4,263,Southampton
442,0,3,男性,25,1,0,7.775,Southampton
444,1,3,男性,,0,0,8.1125,Southampton
445,1,1,男性,4,0,2,81.8583,Southampton
446,1,2,女性,13,0,1,19.5,Southampton
448,1,3,女性,5,2,1,19.2583,Cherbourg
449,1,1,男性,52,0,0,30.5,Southampton
450,0,2,男性,36,1,2,27.75,Southampton
454,0,3,男性,,0,0,8.05,Southampton
455,1,3,男性,29,0,0,7.8958,Cherbourg
459,0,3,男性,,0,0,7.75,Queenstown
461,0,3,男性,34,0,0,8.05,Southampton
463,0,2,男性,48,0,0,13,Southampton
464,0,3,男性,,0,0,8.05,Southampton
466,0,2,男性,,0,0,0,Southampton
468,0,3,男性,,0,0,7.725,Queenstown
469,1,3,女性,0.75,2,1,19.2583,Cherbourg
470,0,3,男性,,0,0,7.25,Southampton
472,1,2,女性,33,1,2,27.75,Southampton
473,1,2,女性,23,0,0,13.7917,Cherbourg
478,0,3,男性,22,0,0,7.5208,Southampton
480,0,3,男性,9,5,2,46.9,Southampton
486,1,1,女性,35,1,0,90,Southampton
488,0,3,男性,30,0,0,8.05,Southampton
490,0,3,男性,,1,0,19.9667,Southampton
497,0,3,男性,,0,0,15.1,Southampton
498,0,1,女性,25,1,2,151.55,Southampton
499,0,3,男性,24,0,0,7.7958,Southampton
502,0,3,女性,,0,0,7.6292,Queenstown
504,1,1,女性,16,0,0,86.5,Southampton
507,1,1,男性,,0,0,26.55,Southampton
508,0,3,男性,28,0,0,22.525,Southampton
509,1,3,男性,26,0,0,56.4958,Southampton
510,1,3,男性,29,0,0,7.75,Queenstown
512,1,1,男性,36,0,0,26.2875,Southampton
514,0,3,男性,24,0,0,7.4958,Southampton
515,0,1,男性,47,0,0,34.0208,Southampton
517,0,3,男性,,0,0,24.15,Queenstown
525,0,3,男性,40.5,0,0,7.75,Queenstown
528,0,3,男性,39,0,0,7.925,Southampton
534,0,3,女性,30,0,0,8.6625,Southampton
536,0,1,男性,45,0,0,26.55,Southampton
537,1,1,女性,30,0,0,106.425,Cherbourg
539,1,1,女性,22,0,2,49.5,Cherbourg
540,1,1,女性,36,0,2,71,Southampton
541,0,3,女性,9,4,2,31.275,Southampton
543,1,2,男性,32,1,0,26,Southampton
544,0,1,男性,50,1,0,106.425,Cherbourg
546,1,2,女性,19,1,0,26,Southampton
547,1,2,男性,,0,0,13.8625,Cherbourg
548,0,3,男性,33,1,1,20.525,Southampton
550,1,1,男性,17,0,2,110.8833,Cherbourg
551,0,2,男性,27,0,0,26,Southampton
552,0,3,男性,,0,0,7.8292,Queenstown
554,1,3,女性,22,0,0,7.775,Southampton
555,0,1,男性,62,0,0,26.55,Southampton
556,1,1,女性,48,1,0,39.6,Cherbourg
559,1,3,女性,36,1,0,17.4,Southampton
560,0,3,男性,,0,0,7.75,Queenstown
562,0,2,男性,28,0,0,13.5,Southampton
565,0,3,男性,24,2,0,24.15,Southampton
568,0,3,男性,,0,0,7.2292,Cherbourg
569,1,3,男性,32,0,0,7.8542,Southampton
571,1,1,女性,53,2,0,51.4792,Southampton
574,0,3,男性,16,0,0,8.05,Southampton
575,0,3,男性,19,0,0,14.5,Southampton
576,1,2,女性,34,0,0,13,Southampton
577,1,1,女性,39,1,0,55.9,Southampton
579,1,3,男性,32,0,0,7.925,Southampton
581,1,1,女性,39,1,1,110.8833,Cherbourg
582,0,2,男性,54,0,0,26,Southampton
584,0,3,男性,,0,0,8.7125,Cherbourg
586,0,2,男性,47,0,0,15,Southampton
589,0,3,男性,,0,0,8.05,Southampton
590,0,3,男性,35,0,0,7.125,Southampton
591,1,1,女性,52,1,0,78.2667,Cherbourg
593,0,3,女性,,0,2,7.75,Queenstown
594,0,2,男性,37,1,0,26,Southampton
595,0,3,男性,36,1,1,24.15,Southampton
598,0,3,男性,,0,0,7.225,Cherbourg
599,1,1,男性,49,1,0,56.9292,Cherbourg
600,1,2,女性,24,2,1,27,Southampton
601,0,3,男性,,0,0,7.8958,Southampton
602,0,1,男性,,0,0,42.4,Southampton
604,1,1,男性,35,0,0,26.55,Cherbourg
605,0,3,男性,36,1,0,15.55,Southampton
606,0,3,男性,30,0,0,7.8958,Southampton
607,1,1,男性,27,0,0,30.5,Southampton
608,1,2,女性,22,1,2,41.5792,Cherbourg
610,0,3,女性,39,1,5,31.275,Southampton
611,0,3,男性,,0,0,7.05,Southampton
613,0,3,男性,,0,0,7.75,Queenstown
616,0,3,男性,34,1,1,14.4,Southampton
617,0,3,女性,26,1,0,16.1,Southampton
621,1,1,男性,42,1,0,52.5542,Southampton
622,1,3,男性,20,1,1,15.7417,Cherbourg
623,0,3,男性,21,0,0,7.8542,Southampton
624,0,3,男性,21,0,0,16.1,Southampton
628,0,3,男性,26,0,0,7.8958,Southampton
629,0,3,男性,,0,0,7.7333,Queenstown
630,1,1,男性,80,0,0,30,Southampton
633,0,1,男性,,0,0,0,Southampton
636,0,3,男性,32,0,0,7.925,Southampton
637,0,2,男性,31,1,1,26.25,Southampton
639,0,3,男性,,1,0,16.1,Southampton
640,0,3,男性,20,0,0,7.8542,Southampton
641,1,1,女性,24,0,0,69.3,Cherbourg
645,1,1,男性,48,1,0,76.7292,Cherbourg
649,1,3,女性,23,0,0,7.55,Southampton
651,1,2,女性,18,0,1,23,Southampton
659,0,1,男性,58,0,2,113.275,Cherbourg
660,1,1,男性,50,2,0,133.65,Southampton
661,0,3,男性,40,0,0,7.225,Cherbourg
662,0,1,男性,47,0,0,25.5875,Southampton
663,0,3,男性,36,0,0,7.4958,Southampton
664,1,3,男性,20,1,0,7.925,Southampton
665,0,2,男性,32,2,0,73.5,Southampton
667,0,3,男性,,0,0,7.775,Southampton
668,0,3,男性,43,0,0,8.05,Southampton
670,1,2,女性,40,1,1,39,Southampton
673,1,2,男性,31,0,0,13,Southampton
675,0,3,男性,18,0,0,7.775,Southampton
677,1,3,女性,18,0,0,9.8417,Southampton
679,1,1,男性,36,0,1,512.3292,Cherbourg
682,0,3,男性,20,0,0,9.225,Southampton
684,0,2,男性,60,1,1,39,Southampton
685,0,2,男性,25,1,2,41.5792,Cherbourg
687,0,3,男性,19,0,0,10.1708,Southampton
689,1,1,女性,15,0,1,211.3375,Southampton
690,1,1,男性,31,1,0,57,Southampton
691,1,3,女性,4,0,1,13.4167,Cherbourg
692,1,3,男性,,0,0,56.4958,Southampton
696,0,3,男性,44,0,0,8.05,Southampton
697,1,3,女性,,0,0,7.7333,Queenstown
699,0,3,男性,42,0,0,7.65,Southampton
702,0,3,女性,18,0,1,14.4542,Cherbourg
703,0,3,男性,25,0,0,7.7417,Queenstown
705,0,2,男性,39,0,0,26,Southampton
707,1,1,男性,42,0,0,26.2875,Southampton
709,1,3,男性,,1,1,15.2458,Cherbourg
711,0,1,男性,,0,0,26.55,Southampton
714,0,2,男性,52,0,0,13,Southampton
716,1,1,女性,38,0,0,227.525,Cherbourg
717,1,2,女性,27,0,0,10.5,Southampton
719,0,3,男性,33,0,0,7.775,Southampton
721,0,3,男性,17,1,0,7.0542,Southampton
723,0,2,男性,50,0,0,13,Southampton
729,0,3,女性,25,1,0,7.925,Southampton
730,1,1,女性,29,0,0,211.3375,Southampton
732,0,2,男性,,0,0,0,Southampton
733,0,2,男性,23,0,0,13,Southampton
734,0,2,男性,23,0,0,13,Southampton
736,0,3,女性,48,1,3,34.375,Southampton
737,1,1,男性,35,0,0,512.3292,Cherbourg
739,0,3,男性,,0,0,7.8958,Southampton
741,0,1,男性,36,1,0,78.85,Southampton
743,0,3,男性,24,1,0,16.1,Southampton
745,0,1,男性,70,1,1,71,Southampton
746,0,3,男性,16,1,1,20.25,Southampton
747,1,2,女性,30,0,0,13,Southampton
748,0,1,男性,19,1,0,53.1,Southampton
749,0,3,男性,31,0,0,7.75,Queenstown
751,1,3,男性,6,0,1,12.475,Southampton
754,1,2,女性,48,1,2,65,Southampton
755,1,2,男性,0.67,1,1,14.5,Southampton
756,0,3,男性,28,0,0,7.7958,Southampton
757,0,2,男性,18,0,0,11.5,Southampton
758,0,3,男性,34,0,0,8.05,Southampton
759,1,1,女性,33,0,0,86.5,Southampton
763,1,1,女性,36,1,2,120,Southampton
765,1,1,女性,51,1,0,77.9583,Southampton
767,0,3,女性,30.5,0,0,7.75,Queenstown
770,0,3,男性,24,0,0,9.5,Southampton
772,0,2,女性,57,0,0,10.5,Southampton
773,0,3,男性,,0,0,7.225,Cherbourg
774,1,2,女性,54,1,3,23,Southampton
775,0,3,男性,18,0,0,7.75,Southampton
776,0,3,男性,,0,0,7.75,Queenstown
777,1,3,女性,5,0,0,12.475,Southampton
779,1,1,女性,43,0,1,211.3375,Southampton
781,1,1,女性,17,1,0,57,Southampton
783,0,3,男性,,1,2,23.45,Southampton
789,0,1,男性,46,0,0,79.2,Cherbourg
790,0,3,男性,,0,0,7.75,Queenstown
791,0,2,男性,16,0,0,26,Southampton
792,0,3,女性,,8,2,69.55,Southampton
793,0,1,男性,,0,0,30.6958,Cherbourg
794,0,3,男性,25,0,0,7.8958,Southampton
795,0,2,男性,39,0,0,13,Southampton
797,1,3,女性,31,0,0,8.6833,Southampton
798,0,3,男性,30,0,0,7.2292,Cherbourg
801,1,2,女性,31,1,1,26.25,Southampton
802,1,1,男性,11,1,2,120,Southampton
804,1,3,男性,27,0,0,6.975,Southampton
805,0,3,男性,31,0,0,7.775,Southampton
809,1,1,女性,33,1,0,53.1,Southampton
812,0,2,男性,35,0,0,10.5,Southampton
814,0,3,男性,30.5,0,0,8.05,Southampton
821,1,3,男性,27,0,0,8.6625,Southampton
824,0,3,男性,2,4,1,39.6875,Southampton
826,0,3,男性,,0,0,56.4958,Southampton
828,1,3,男性,,0,0,7.75,Queenstown
829,1,1,女性,62,0,0,80,0
830,1,3,女性,15,1,0,14.4542,Cherbourg
831,1,2,男性,0.83,1,1,18.75,Southampton
834,0,3,男性,18,0,0,8.3,Southampton
835,1,1,女性,39,1,1,83.1583,Cherbourg
836,0,3,男性,21,0,0,8.6625,Southampton
840,0,3,男性,20,0,0,7.925,Southampton
842,1,1,女性,30,0,0,31,Cherbourg
844,0,3,男性,17,0,0,8.6625,Southampton
845,0,3,男性,42,0,0,7.55,Southampton
846,0,3,男性,,8,2,69.55,Southampton
847,0,3,男性,35,0,0,7.8958,Cherbourg
849,1,1,女性,,1,0,89.1042,Cherbourg
850,0,3,男性,4,4,2,31.275,Southampton
853,1,1,女性,16,0,1,39.4,Southampton
854,0,2,女性,44,1,0,26,Southampton
855,1,3,女性,18,0,1,9.35,Southampton
856,1,1,女性,45,1,1,164.8667,Southampton
858,1,3,女性,24,0,3,19.2583,Cherbourg
860,0,3,男性,41,2,0,14.1083,Southampton
861,0,2,男性,21,1,0,11.5,Southampton
863,0,3,女性,,8,2,69.55,Southampton
865,1,2,女性,42,0,0,13,Southampton
867,0,1,男性,31,0,0,50.4958,Southampton
868,0,3,男性,,0,0,9.5,Southampton
869,1,3,男性,4,1,1,11.1333,Southampton
871,1,1,女性,47,1,1,52.5542,Southampton
872,0,1,男性,33,0,0,5,Southampton
873,0,3,男性,47,0,0,9,Southampton
874,1,2,女性,28,1,0,24,Cherbourg
879,1,1,女性,56,0,1,83.1583,Cherbourg
884,0,3,男性,25,0,0,7.05,Southampton
888,0,3,女性,,1,2,23.45,Southampton